{"io_name":"Synchronization","io_config_file_name":"3E8EBB5A-8184-4C30-BF53-D168038CFBF8.opal","bus_out":{"name":"bus_Synchronization_out","type":"bus","items":[{"name":"Time","type":"bus","items":[{"name":"Seconds","type":"F64","num_point":"1"},{"name":"Nanoseconds","type":"F64","num_point":"1"}]},{"name":"Info","type":"bus","items":[{"name":"PTP_Sync_State","type":"F64","num_point":"1"},{"name":"PTP_Slave_Offset","type":"F64","num_point":"1"},{"name":"Sync_Accuracy","type":"F64","num_point":"1"}]}]}}