{"io_name":"TCP-UDP","io_config_file_name":"B1A70EF1-3978-49EE-813B-7F75908496D5.opal","bus_in":{"name":"bus_TCP-UDP_in","type":"bus","items":[{"name":"Streams","type":"bus","items":[{"name":"OPALRT-STREAM_1","type":"bus","items":[{"name":"Transmit","type":"bus","items":[{"name":"send","type":"F64","num_point":"1"},{"name":"Transmission_enable","type":"F64","num_point":"1"}]},{"name":"Receive","type":"bus","items":[{"name":"Reception_enable","type":"F64","num_point":"1"}]}]}]}]},"bus_out":{"name":"bus_TCP-UDP_out","type":"bus","items":[{"name":"Streams","type":"bus","items":[{"name":"OPALRT-STREAM_1","type":"bus","items":[{"name":"Transmit","type":"bus","items":[{"name":"Transmitted_bytes","type":"F64","num_point":"1"}]},{"name":"Receive","type":"bus","items":[{"name":"recev","type":"F64","num_point":"1"},{"name":"Received_bytes","type":"F64","num_point":"1"}]}]}]}]}}