[
  {"version":2},
  {
    "Opal::Simulation::ConnectionSet":
    {
      "name":"6E7234BA-1193-4A22-9AE8-008D75A7D7F4",
      "connections":
      [
        {
          "item":
          {
            "key":"0000000000118F475D-DB7A-49AD-9A6E-A889961E5936",
            "value":"6E7234BA-1193-4A22-9AE8-008D75A7D7F4/0000000000118F475D-DB7A-49AD-9A6E-A889961E5936"
          }
        },
        {
          "item":
          {
            "key":"0000000001B3ABD487-7C93-4D68-818C-149BB5EAD6CE",
            "value":"6E7234BA-1193-4A22-9AE8-008D75A7D7F4/0000000001B3ABD487-7C93-4D68-818C-149BB5EAD6CE"
          }
        },
        {
          "item":
          {
            "key":"0000000002635AAA92-786C-45D4-8FC5-71430940CCD9",
            "value":"6E7234BA-1193-4A22-9AE8-008D75A7D7F4/0000000002635AAA92-786C-45D4-8FC5-71430940CCD9"
          }
        },
        {
          "item":
          {
            "key":"0000000003445DE2CC-0964-4095-9982-A6E5DAB638EB",
            "value":"6E7234BA-1193-4A22-9AE8-008D75A7D7F4/0000000003445DE2CC-0964-4095-9982-A6E5DAB638EB"
          }
        },
        {
          "item":
          {
            "key":"0000000004A3F1DCB0-EB72-485C-BFA7-29580373D109",
            "value":"6E7234BA-1193-4A22-9AE8-008D75A7D7F4/0000000004A3F1DCB0-EB72-485C-BFA7-29580373D109"
          }
        }
      ],
      "nodes":
      {
        "master":"E9EC68A1-944A-478D-8710-0179261673C1",
        "slave":"5CB75850-AEB4-4314-A159-EE9A959CDC36"
      },
      "parent":"/"
    },
    "Opal::Simulation::PersistentConnection":
    {
      "name":"6E7234BA-1193-4A22-9AE8-008D75A7D7F4/0000000000118F475D-DB7A-49AD-9A6E-A889961E5936",
      "master":
      {
        "name":"",
        "metadata":
        [
          {
            "item":
            {
              "key":"direction",
              "value":"in"
            }
          },
          {
            "item":
            {
              "key":"id",
              "value":"SM_Master/epoch_time_sec/In1/Value"
            }
          },
          {
            "item":
            {
              "key":"label",
              "value":"Value"
            }
          },
          {
            "item":
            {
              "key":"path",
              "value":"SM_Master/epoch_time_sec/In1/Value"
            }
          },
          {
            "item":
            {
              "key":"simulinkId",
              "value":"1:3670:145"
            }
          },
          {
            "item":
            {
              "key":"type",
              "value":"parameter"
            }
          },
          {
            "item":
            {
              "key":"uiName",
              "value":"SM_Master/epoch_time_sec/In1/Value"
            }
          }
        ],
        "parent":""
      },
      "properties":
      [
        {
          "item":
          {
            "key":"masterAlias",
            "value":"epoch_time_sec"
          }
        }
      ],
      "slave":
      {
        "name":"",
        "metadata":
        [
          {
            "item":
            {
              "key":"direction",
              "value":"out"
            }
          },
          {
            "item":
            {
              "key":"dynamicPoint",
              "value":"no"
            }
          },
          {
            "item":
            {
              "key":"iconType",
              "value":""
            }
          },
          {
            "item":
            {
              "key":"name",
              "value":"Seconds"
            }
          },
          {
            "item":
            {
              "key":"numPoints",
              "value":"1"
            }
          },
          {
            "item":
            {
              "key":"path",
              "value":"Time/Seconds"
            }
          },
          {
            "item":
            {
              "key":"uiName",
              "value":"Time/Seconds"
            }
          }
        ],
        "parent":""
      },
      "parent":"6E7234BA-1193-4A22-9AE8-008D75A7D7F4"
    },
    "Opal::Simulation::PersistentConnection":
    {
      "name":"6E7234BA-1193-4A22-9AE8-008D75A7D7F4/0000000001B3ABD487-7C93-4D68-818C-149BB5EAD6CE",
      "master":
      {
        "name":"",
        "metadata":
        [
          {
            "item":
            {
              "key":"direction",
              "value":"in"
            }
          },
          {
            "item":
            {
              "key":"id",
              "value":"SM_Master/epoch_time_nsec/In1/Value"
            }
          },
          {
            "item":
            {
              "key":"label",
              "value":"Value"
            }
          },
          {
            "item":
            {
              "key":"path",
              "value":"SM_Master/epoch_time_nsec/In1/Value"
            }
          },
          {
            "item":
            {
              "key":"simulinkId",
              "value":"1:3669:145"
            }
          },
          {
            "item":
            {
              "key":"type",
              "value":"parameter"
            }
          },
          {
            "item":
            {
              "key":"uiName",
              "value":"SM_Master/epoch_time_nsec/In1/Value"
            }
          }
        ],
        "parent":""
      },
      "properties":
      [
        {
          "item":
          {
            "key":"masterAlias",
            "value":"epoch_time_nsec"
          }
        }
      ],
      "slave":
      {
        "name":"",
        "metadata":
        [
          {
            "item":
            {
              "key":"direction",
              "value":"out"
            }
          },
          {
            "item":
            {
              "key":"dynamicPoint",
              "value":"no"
            }
          },
          {
            "item":
            {
              "key":"iconType",
              "value":""
            }
          },
          {
            "item":
            {
              "key":"name",
              "value":"Nanoseconds"
            }
          },
          {
            "item":
            {
              "key":"numPoints",
              "value":"1"
            }
          },
          {
            "item":
            {
              "key":"path",
              "value":"Time/Nanoseconds"
            }
          },
          {
            "item":
            {
              "key":"uiName",
              "value":"Time/Nanoseconds"
            }
          }
        ],
        "parent":""
      },
      "parent":"6E7234BA-1193-4A22-9AE8-008D75A7D7F4"
    },
    "Opal::Simulation::PersistentConnection":
    {
      "name":"6E7234BA-1193-4A22-9AE8-008D75A7D7F4/0000000002635AAA92-786C-45D4-8FC5-71430940CCD9",
      "master":
      {
        "name":"",
        "metadata":
        [
          {
            "item":
            {
              "key":"direction",
              "value":"in"
            }
          },
          {
            "item":
            {
              "key":"id",
              "value":"SM_Master/ptp_slave_offset/In1/Value"
            }
          },
          {
            "item":
            {
              "key":"label",
              "value":"Value"
            }
          },
          {
            "item":
            {
              "key":"path",
              "value":"SM_Master/ptp_slave_offset/In1/Value"
            }
          },
          {
            "item":
            {
              "key":"simulinkId",
              "value":"1:3671:145"
            }
          },
          {
            "item":
            {
              "key":"type",
              "value":"parameter"
            }
          },
          {
            "item":
            {
              "key":"uiName",
              "value":"SM_Master/ptp_slave_offset/In1/Value"
            }
          }
        ],
        "parent":""
      },
      "properties":
      [
        {
          "item":
          {
            "key":"masterAlias",
            "value":"ptp_slave_offset"
          }
        }
      ],
      "slave":
      {
        "name":"",
        "metadata":
        [
          {
            "item":
            {
              "key":"direction",
              "value":"out"
            }
          },
          {
            "item":
            {
              "key":"dynamicPoint",
              "value":"no"
            }
          },
          {
            "item":
            {
              "key":"iconType",
              "value":""
            }
          },
          {
            "item":
            {
              "key":"name",
              "value":"PTP Slave Offset"
            }
          },
          {
            "item":
            {
              "key":"numPoints",
              "value":"1"
            }
          },
          {
            "item":
            {
              "key":"path",
              "value":"Info/PTP Slave Offset"
            }
          },
          {
            "item":
            {
              "key":"uiName",
              "value":"Info/PTP Slave Offset"
            }
          }
        ],
        "parent":""
      },
      "parent":"6E7234BA-1193-4A22-9AE8-008D75A7D7F4"
    },
    "Opal::Simulation::PersistentConnection":
    {
      "name":"6E7234BA-1193-4A22-9AE8-008D75A7D7F4/0000000003445DE2CC-0964-4095-9982-A6E5DAB638EB",
      "master":
      {
        "name":"",
        "metadata":
        [
          {
            "item":
            {
              "key":"direction",
              "value":"in"
            }
          },
          {
            "item":
            {
              "key":"id",
              "value":"SM_Master/ptp_sync_state/In1/Value"
            }
          },
          {
            "item":
            {
              "key":"label",
              "value":"Value"
            }
          },
          {
            "item":
            {
              "key":"path",
              "value":"SM_Master/ptp_sync_state/In1/Value"
            }
          },
          {
            "item":
            {
              "key":"simulinkId",
              "value":"1:3672:145"
            }
          },
          {
            "item":
            {
              "key":"type",
              "value":"parameter"
            }
          },
          {
            "item":
            {
              "key":"uiName",
              "value":"SM_Master/ptp_sync_state/In1/Value"
            }
          }
        ],
        "parent":""
      },
      "properties":
      [
        {
          "item":
          {
            "key":"masterAlias",
            "value":"ptp_sync_state"
          }
        }
      ],
      "slave":
      {
        "name":"",
        "metadata":
        [
          {
            "item":
            {
              "key":"direction",
              "value":"out"
            }
          },
          {
            "item":
            {
              "key":"dynamicPoint",
              "value":"no"
            }
          },
          {
            "item":
            {
              "key":"iconType",
              "value":""
            }
          },
          {
            "item":
            {
              "key":"name",
              "value":"PTP Sync State"
            }
          },
          {
            "item":
            {
              "key":"numPoints",
              "value":"1"
            }
          },
          {
            "item":
            {
              "key":"path",
              "value":"Info/PTP Sync State"
            }
          },
          {
            "item":
            {
              "key":"uiName",
              "value":"Info/PTP Sync State"
            }
          }
        ],
        "parent":""
      },
      "parent":"6E7234BA-1193-4A22-9AE8-008D75A7D7F4"
    },
    "Opal::Simulation::PersistentConnection":
    {
      "name":"6E7234BA-1193-4A22-9AE8-008D75A7D7F4/0000000004A3F1DCB0-EB72-485C-BFA7-29580373D109",
      "master":
      {
        "name":"",
        "metadata":
        [
          {
            "item":
            {
              "key":"direction",
              "value":"in"
            }
          },
          {
            "item":
            {
              "key":"id",
              "value":"SM_Master/sync_accuracy/In1/Value"
            }
          },
          {
            "item":
            {
              "key":"label",
              "value":"Value"
            }
          },
          {
            "item":
            {
              "key":"path",
              "value":"SM_Master/sync_accuracy/In1/Value"
            }
          },
          {
            "item":
            {
              "key":"simulinkId",
              "value":"1:3673:145"
            }
          },
          {
            "item":
            {
              "key":"type",
              "value":"parameter"
            }
          },
          {
            "item":
            {
              "key":"uiName",
              "value":"SM_Master/sync_accuracy/In1/Value"
            }
          }
        ],
        "parent":""
      },
      "properties":
      [
        {
          "item":
          {
            "key":"masterAlias",
            "value":"sync_accuracy"
          }
        }
      ],
      "slave":
      {
        "name":"",
        "metadata":
        [
          {
            "item":
            {
              "key":"direction",
              "value":"out"
            }
          },
          {
            "item":
            {
              "key":"dynamicPoint",
              "value":"no"
            }
          },
          {
            "item":
            {
              "key":"iconType",
              "value":""
            }
          },
          {
            "item":
            {
              "key":"name",
              "value":"Sync Accuracy"
            }
          },
          {
            "item":
            {
              "key":"numPoints",
              "value":"1"
            }
          },
          {
            "item":
            {
              "key":"path",
              "value":"Info/Sync Accuracy"
            }
          },
          {
            "item":
            {
              "key":"uiName",
              "value":"Info/Sync Accuracy"
            }
          }
        ],
        "parent":""
      },
      "parent":"6E7234BA-1193-4A22-9AE8-008D75A7D7F4"
    },
    "Opal::Simulation::Node":
    {
      "name":"E9EC68A1-944A-478D-8710-0179261673C1",
      "metadata":
      [
        {
          "item":
          {
            "key":"file",
            "value":"C:/Users/Antero/OPAL-RT/RT-LABv2022.1_Workspace/Co-simulation_circuit_AsyncIP_eth2_Sim01/models/Basic_cosimulation_circuit/Basic_cosimulation_circuit.slx"
          }
        },
        {
          "item":
          {
            "key":"path",
            "value":"/resources/root/sync_exchanger_manager/translator"
          }
        },
        {
          "item":
          {
            "key":"subsysProxy",
            "value":"resources/root/proxy/288512954935017472"
          }
        },
        {
          "item":
          {
            "key":"subsystem",
            "value":"SM_Master"
          }
        },
        {
          "item":
          {
            "key":"type",
            "value":"model"
          }
        }
      ],
      "parent":"/"
    },
    "Opal::Simulation::Node":
    {
      "name":"5CB75850-AEB4-4314-A159-EE9A959CDC36",
      "metadata":
      [
        {
          "item":
          {
            "key":"driverName",
            "value":"3E8EBB5A-8184-4C30-BF53-D168038CFBF8"
          }
        },
        {
          "item":
          {
            "key":"driverType",
            "value":"Synchronization"
          }
        },
        {
          "item":
          {
            "key":"id",
            "value":"Synchronization;3E8EBB5A-8184-4C30-BF53-D168038CFBF8"
          }
        },
        {
          "item":
          {
            "key":"path",
            "value":"/resources/root/sync_exchanger_manager/Synchronization;3E8EBB5A-8184-4C30-BF53-D168038CFBF8/translator"
          }
        },
        {
          "item":
          {
            "key":"type",
            "value":"driver"
          }
        },
        {
          "item":
          {
            "key":"uiName",
            "value":"Synchronization"
          }
        }
      ],
      "parent":"/"
    }
  }
]