[
  {"version":2},
  {
    "Opal::Simulation::ConnectionSet":
    {
      "name":"77A69F78-1B1A-44E1-8F22-8FAF7A303AE9",
      "connections":
      [
        {
          "item":
          {
            "key":"00000000000358C374-2D30-46D0-9327-90660B5F538F",
            "value":"77A69F78-1B1A-44E1-8F22-8FAF7A303AE9/00000000000358C374-2D30-46D0-9327-90660B5F538F"
          }
        },
        {
          "item":
          {
            "key":"0000000001DEEC55EC-20F3-4679-99B3-395A1A409E4E",
            "value":"77A69F78-1B1A-44E1-8F22-8FAF7A303AE9/0000000001DEEC55EC-20F3-4679-99B3-395A1A409E4E"
          }
        },
        {
          "item":
          {
            "key":"0000000002A1950647-D053-4A64-AF23-2126FDBAD0CE",
            "value":"77A69F78-1B1A-44E1-8F22-8FAF7A303AE9/0000000002A1950647-D053-4A64-AF23-2126FDBAD0CE"
          }
        },
        {
          "item":
          {
            "key":"0000000003EDDB8F2E-DD1F-4C8B-9DC9-962ABFFB05E7",
            "value":"77A69F78-1B1A-44E1-8F22-8FAF7A303AE9/0000000003EDDB8F2E-DD1F-4C8B-9DC9-962ABFFB05E7"
          }
        },
        {
          "item":
          {
            "key":"0000000004DCEB5EFE-E94D-4604-96D2-0D9C5C81533E",
            "value":"77A69F78-1B1A-44E1-8F22-8FAF7A303AE9/0000000004DCEB5EFE-E94D-4604-96D2-0D9C5C81533E"
          }
        }
      ],
      "nodes":
      {
        "master":"E9EC68A1-944A-478D-8710-0179261673C1",
        "slave":"2660D2EA-CA22-4295-BC31-0C4CA41C5E6E"
      },
      "parent":"/"
    },
    "Opal::Simulation::PersistentConnection":
    {
      "name":"77A69F78-1B1A-44E1-8F22-8FAF7A303AE9/00000000000358C374-2D30-46D0-9327-90660B5F538F",
      "master":
      {
        "name":"",
        "metadata":
        [
          {
            "item":
            {
              "key":"direction",
              "value":"in"
            }
          },
          {
            "item":
            {
              "key":"id",
              "value":"SM_Master/epoch_time_nsec/In1/Value"
            }
          },
          {
            "item":
            {
              "key":"label",
              "value":"Value"
            }
          },
          {
            "item":
            {
              "key":"path",
              "value":"SM_Master/epoch_time_nsec/In1/Value"
            }
          },
          {
            "item":
            {
              "key":"simulinkId",
              "value":"1:3669:145"
            }
          },
          {
            "item":
            {
              "key":"type",
              "value":"parameter"
            }
          },
          {
            "item":
            {
              "key":"uiName",
              "value":"SM_Master/epoch_time_nsec/In1/Value"
            }
          }
        ],
        "parent":""
      },
      "properties":
      [
        {
          "item":
          {
            "key":"masterAlias",
            "value":"epoch_time_nsec"
          }
        }
      ],
      "slave":
      {
        "name":"",
        "metadata":
        [
          {
            "item":
            {
              "key":"direction",
              "value":"out"
            }
          },
          {
            "item":
            {
              "key":"dynamicPoint",
              "value":"no"
            }
          },
          {
            "item":
            {
              "key":"iconType",
              "value":""
            }
          },
          {
            "item":
            {
              "key":"name",
              "value":"Nanoseconds"
            }
          },
          {
            "item":
            {
              "key":"numPoints",
              "value":"1"
            }
          },
          {
            "item":
            {
              "key":"path",
              "value":"Time/Nanoseconds"
            }
          },
          {
            "item":
            {
              "key":"uiName",
              "value":"Time/Nanoseconds"
            }
          }
        ],
        "parent":""
      },
      "parent":"77A69F78-1B1A-44E1-8F22-8FAF7A303AE9"
    },
    "Opal::Simulation::PersistentConnection":
    {
      "name":"77A69F78-1B1A-44E1-8F22-8FAF7A303AE9/0000000001DEEC55EC-20F3-4679-99B3-395A1A409E4E",
      "master":
      {
        "name":"",
        "metadata":
        [
          {
            "item":
            {
              "key":"direction",
              "value":"in"
            }
          },
          {
            "item":
            {
              "key":"id",
              "value":"SM_Master/epoch_time_sec/In1/Value"
            }
          },
          {
            "item":
            {
              "key":"label",
              "value":"Value"
            }
          },
          {
            "item":
            {
              "key":"path",
              "value":"SM_Master/epoch_time_sec/In1/Value"
            }
          },
          {
            "item":
            {
              "key":"simulinkId",
              "value":"1:3670:145"
            }
          },
          {
            "item":
            {
              "key":"type",
              "value":"parameter"
            }
          },
          {
            "item":
            {
              "key":"uiName",
              "value":"SM_Master/epoch_time_sec/In1/Value"
            }
          }
        ],
        "parent":""
      },
      "properties":
      [
        {
          "item":
          {
            "key":"masterAlias",
            "value":"epoch_time_sec"
          }
        }
      ],
      "slave":
      {
        "name":"",
        "metadata":
        [
          {
            "item":
            {
              "key":"direction",
              "value":"out"
            }
          },
          {
            "item":
            {
              "key":"dynamicPoint",
              "value":"no"
            }
          },
          {
            "item":
            {
              "key":"iconType",
              "value":""
            }
          },
          {
            "item":
            {
              "key":"name",
              "value":"Seconds"
            }
          },
          {
            "item":
            {
              "key":"numPoints",
              "value":"1"
            }
          },
          {
            "item":
            {
              "key":"path",
              "value":"Time/Seconds"
            }
          },
          {
            "item":
            {
              "key":"uiName",
              "value":"Time/Seconds"
            }
          }
        ],
        "parent":""
      },
      "parent":"77A69F78-1B1A-44E1-8F22-8FAF7A303AE9"
    },
    "Opal::Simulation::PersistentConnection":
    {
      "name":"77A69F78-1B1A-44E1-8F22-8FAF7A303AE9/0000000002A1950647-D053-4A64-AF23-2126FDBAD0CE",
      "master":
      {
        "name":"",
        "metadata":
        [
          {
            "item":
            {
              "key":"direction",
              "value":"in"
            }
          },
          {
            "item":
            {
              "key":"id",
              "value":"SM_Master/ptp_slave_offset/In1/Value"
            }
          },
          {
            "item":
            {
              "key":"label",
              "value":"Value"
            }
          },
          {
            "item":
            {
              "key":"path",
              "value":"SM_Master/ptp_slave_offset/In1/Value"
            }
          },
          {
            "item":
            {
              "key":"simulinkId",
              "value":"1:3671:145"
            }
          },
          {
            "item":
            {
              "key":"type",
              "value":"parameter"
            }
          },
          {
            "item":
            {
              "key":"uiName",
              "value":"SM_Master/ptp_slave_offset/In1/Value"
            }
          }
        ],
        "parent":""
      },
      "properties":
      [
        {
          "item":
          {
            "key":"masterAlias",
            "value":"ptp_slave_offset"
          }
        }
      ],
      "slave":
      {
        "name":"",
        "metadata":
        [
          {
            "item":
            {
              "key":"direction",
              "value":"out"
            }
          },
          {
            "item":
            {
              "key":"dynamicPoint",
              "value":"no"
            }
          },
          {
            "item":
            {
              "key":"iconType",
              "value":""
            }
          },
          {
            "item":
            {
              "key":"name",
              "value":"PTP Slave Offset"
            }
          },
          {
            "item":
            {
              "key":"numPoints",
              "value":"1"
            }
          },
          {
            "item":
            {
              "key":"path",
              "value":"Info/PTP Slave Offset"
            }
          },
          {
            "item":
            {
              "key":"uiName",
              "value":"Info/PTP Slave Offset"
            }
          }
        ],
        "parent":""
      },
      "parent":"77A69F78-1B1A-44E1-8F22-8FAF7A303AE9"
    },
    "Opal::Simulation::PersistentConnection":
    {
      "name":"77A69F78-1B1A-44E1-8F22-8FAF7A303AE9/0000000003EDDB8F2E-DD1F-4C8B-9DC9-962ABFFB05E7",
      "master":
      {
        "name":"",
        "metadata":
        [
          {
            "item":
            {
              "key":"direction",
              "value":"in"
            }
          },
          {
            "item":
            {
              "key":"id",
              "value":"SM_Master/ptp_sync_state/In1/Value"
            }
          },
          {
            "item":
            {
              "key":"label",
              "value":"Value"
            }
          },
          {
            "item":
            {
              "key":"path",
              "value":"SM_Master/ptp_sync_state/In1/Value"
            }
          },
          {
            "item":
            {
              "key":"simulinkId",
              "value":"1:3672:145"
            }
          },
          {
            "item":
            {
              "key":"type",
              "value":"parameter"
            }
          },
          {
            "item":
            {
              "key":"uiName",
              "value":"SM_Master/ptp_sync_state/In1/Value"
            }
          }
        ],
        "parent":""
      },
      "properties":
      [
        {
          "item":
          {
            "key":"masterAlias",
            "value":"ptp_sync_state"
          }
        }
      ],
      "slave":
      {
        "name":"",
        "metadata":
        [
          {
            "item":
            {
              "key":"direction",
              "value":"out"
            }
          },
          {
            "item":
            {
              "key":"dynamicPoint",
              "value":"no"
            }
          },
          {
            "item":
            {
              "key":"iconType",
              "value":""
            }
          },
          {
            "item":
            {
              "key":"name",
              "value":"PTP Sync State"
            }
          },
          {
            "item":
            {
              "key":"numPoints",
              "value":"1"
            }
          },
          {
            "item":
            {
              "key":"path",
              "value":"Info/PTP Sync State"
            }
          },
          {
            "item":
            {
              "key":"uiName",
              "value":"Info/PTP Sync State"
            }
          }
        ],
        "parent":""
      },
      "parent":"77A69F78-1B1A-44E1-8F22-8FAF7A303AE9"
    },
    "Opal::Simulation::PersistentConnection":
    {
      "name":"77A69F78-1B1A-44E1-8F22-8FAF7A303AE9/0000000004DCEB5EFE-E94D-4604-96D2-0D9C5C81533E",
      "master":
      {
        "name":"",
        "metadata":
        [
          {
            "item":
            {
              "key":"direction",
              "value":"in"
            }
          },
          {
            "item":
            {
              "key":"id",
              "value":"SM_Master/sync_accuracy/In1/Value"
            }
          },
          {
            "item":
            {
              "key":"label",
              "value":"Value"
            }
          },
          {
            "item":
            {
              "key":"path",
              "value":"SM_Master/sync_accuracy/In1/Value"
            }
          },
          {
            "item":
            {
              "key":"simulinkId",
              "value":"1:3673:145"
            }
          },
          {
            "item":
            {
              "key":"type",
              "value":"parameter"
            }
          },
          {
            "item":
            {
              "key":"uiName",
              "value":"SM_Master/sync_accuracy/In1/Value"
            }
          }
        ],
        "parent":""
      },
      "properties":
      [
        {
          "item":
          {
            "key":"masterAlias",
            "value":"sync_accuracy"
          }
        }
      ],
      "slave":
      {
        "name":"",
        "metadata":
        [
          {
            "item":
            {
              "key":"direction",
              "value":"out"
            }
          },
          {
            "item":
            {
              "key":"dynamicPoint",
              "value":"no"
            }
          },
          {
            "item":
            {
              "key":"iconType",
              "value":""
            }
          },
          {
            "item":
            {
              "key":"name",
              "value":"Sync Accuracy"
            }
          },
          {
            "item":
            {
              "key":"numPoints",
              "value":"1"
            }
          },
          {
            "item":
            {
              "key":"path",
              "value":"Info/Sync Accuracy"
            }
          },
          {
            "item":
            {
              "key":"uiName",
              "value":"Info/Sync Accuracy"
            }
          }
        ],
        "parent":""
      },
      "parent":"77A69F78-1B1A-44E1-8F22-8FAF7A303AE9"
    },
    "Opal::Simulation::Node":
    {
      "name":"E9EC68A1-944A-478D-8710-0179261673C1",
      "metadata":
      [
        {
          "item":
          {
            "key":"file",
            "value":"C:/Users/Antero/OPAL-RT/RT-LABv2022.1_Workspace/Co-simulation_circuit_AsyncIP_eth2_Sim01/models/Basic_cosimulation_circuit/Basic_cosimulation_circuit.slx"
          }
        },
        {
          "item":
          {
            "key":"path",
            "value":"/resources/root/sync_exchanger_manager/translator"
          }
        },
        {
          "item":
          {
            "key":"subsysProxy",
            "value":"resources/root/proxy/288512954935017472"
          }
        },
        {
          "item":
          {
            "key":"subsystem",
            "value":"SM_Master"
          }
        },
        {
          "item":
          {
            "key":"type",
            "value":"model"
          }
        }
      ],
      "parent":"/"
    },
    "Opal::Simulation::Node":
    {
      "name":"2660D2EA-CA22-4295-BC31-0C4CA41C5E6E",
      "metadata":
      [
        {
          "item":
          {
            "key":"driverName",
            "value":"E3C51951-A892-4C3A-8286-9B30613D3F2E"
          }
        },
        {
          "item":
          {
            "key":"driverType",
            "value":"Synchronization"
          }
        },
        {
          "item":
          {
            "key":"id",
            "value":"Synchronization;E3C51951-A892-4C3A-8286-9B30613D3F2E"
          }
        },
        {
          "item":
          {
            "key":"path",
            "value":"/resources/root/sync_exchanger_manager/Synchronization;E3C51951-A892-4C3A-8286-9B30613D3F2E/translator"
          }
        },
        {
          "item":
          {
            "key":"type",
            "value":"driver"
          }
        },
        {
          "item":
          {
            "key":"uiName",
            "value":"Synchronization"
          }
        }
      ],
      "parent":"/"
    }
  }
]