[
  {"version":2},
  {
    "Opal::Simulation::LoadParamSet":
    {
      "loadParam":"false",
      "modelPath":"C:/Users/Antero/OPAL-RT/RT-LABv2022.1_Workspace/Co-simulation_circuit_AsyncIP_eth2_Sim01/models/Basic_cosimulation_circuit/Basic_cosimulation_circuit.slx",
      "name":"Basic_cosimulation_circuit.slx",
      "owner":"E9EC68A1-944A-478D-8710-0179261673C1",
      "parent":"/"
    },
    "Opal::Simulation::Node":
    {
      "name":"E9EC68A1-944A-478D-8710-0179261673C1",
      "metadata":
      [
        {
          "item":
          {
            "key":"file",
            "value":"C:/Users/Antero/OPAL-RT/RT-LABv2022.1_Workspace/Co-simulation_circuit_AsyncIP_eth2_Sim01/models/Basic_cosimulation_circuit/Basic_cosimulation_circuit.slx"
          }
        },
        {
          "item":
          {
            "key":"path",
            "value":"/resources/root/sync_exchanger_manager/translator"
          }
        },
        {
          "item":
          {
            "key":"subsysProxy",
            "value":"resources/root/proxy/288512954935017472"
          }
        },
        {
          "item":
          {
            "key":"subsystem",
            "value":"SM_Master"
          }
        },
        {
          "item":
          {
            "key":"type",
            "value":"model"
          }
        }
      ],
      "parent":"/"
    }
  }
]