[
  {"version":2},
  {
    "Opal::Simulation::LoadParamSet":
    {
      "loadParam":"false",
      "modelPath":"C:/Users/Antero/OPAL-RT/RT-LABv2022.1_Workspace/Co-simulation_circuit_AsyncIP_eth2_Sim01/models/three_phase_circuit_Sim01/three_phase_circuit_Sim01.slx",
      "name":"three_phase_circuit_Sim01.slx",
      "owner":"47A7DC18-735E-48AB-8E53-05B96C5739C8",
      "parent":"/"
    },
    "Opal::Simulation::Node":
    {
      "name":"47A7DC18-735E-48AB-8E53-05B96C5739C8",
      "metadata":
      [
        {
          "item":
          {
            "key":"file",
            "value":"C:/Users/Antero/OPAL-RT/RT-LABv2022.1_Workspace/Co-simulation_circuit_AsyncIP_eth2_Sim01/models/three_phase_circuit_Sim01/three_phase_circuit_Sim01.slx"
          }
        },
        {
          "item":
          {
            "key":"path",
            "value":"/resources/root/sync_exchanger_manager/translator"
          }
        },
        {
          "item":
          {
            "key":"subsysProxy",
            "value":"resources/root/proxy/288515153958273024"
          }
        },
        {
          "item":
          {
            "key":"subsystem",
            "value":"SM_master"
          }
        },
        {
          "item":
          {
            "key":"type",
            "value":"model"
          }
        }
      ],
      "parent":"/"
    }
  }
]