[
  {"version":2},
  {
    "Opal::Simulation::AliasSet":
    {
      "name":"98902FE0-DE28-4AB6-9070-6280F1819F40",
      "aliases":
      [
        "98902FE0-DE28-4AB6-9070-6280F1819F40/E6618513-0680-4F82-AA4B-86008F423F7E",
        "98902FE0-DE28-4AB6-9070-6280F1819F40/3733116D-B179-4050-A75E-5EDAAD25DC45",
        "98902FE0-DE28-4AB6-9070-6280F1819F40/C2446FA1-4DA9-4D26-8560-E007DA0421BA",
        "98902FE0-DE28-4AB6-9070-6280F1819F40/32FD0B7F-8B9E-4919-A058-AB6CEB591051",
        "98902FE0-DE28-4AB6-9070-6280F1819F40/536C9B4A-AF98-46B2-8E78-AA1691837244"
      ],
      "owner":"E9EC68A1-944A-478D-8710-0179261673C1",
      "parent":"/"
    },
    "Opal::Alias":
    {
      "connected":0,
      "isOpInput":1,
      "isOpOutput":0,
      "isUserDefined":0,
      "m_name":"epoch_time_sec",
      "name":"98902FE0-DE28-4AB6-9070-6280F1819F40/E6618513-0680-4F82-AA4B-86008F423F7E",
      "memento":
      [
        {
          "item":
          {
            "key":"aliasType",
            "value":"OpInput"
          }
        },
        {
          "item":
          {
            "key":"direction",
            "value":"in"
          }
        },
        {
          "item":
          {
            "key":"id",
            "value":"SM_Master/epoch_time_sec/In1/Value"
          }
        },
        {
          "item":
          {
            "key":"label",
            "value":"Value"
          }
        },
        {
          "item":
          {
            "key":"numPoints",
            "value":"1"
          }
        },
        {
          "item":
          {
            "key":"path",
            "value":"Basic_cosimulation_circuit/SM_Master/epoch_time_sec/In1/Value"
          }
        },
        {
          "item":
          {
            "key":"refid",
            "value":"864973707238441048"
          }
        },
        {
          "item":
          {
            "key":"simulinkId",
            "value":"1:3670:145"
          }
        },
        {
          "item":
          {
            "key":"type",
            "value":"parameter"
          }
        },
        {
          "item":
          {
            "key":"uiName",
            "value":"SM_Master/epoch_time_sec/In1/Value"
          }
        }
      ],
      "parent":"98902FE0-DE28-4AB6-9070-6280F1819F40"
    },
    "Opal::Alias":
    {
      "connected":0,
      "isOpInput":1,
      "isOpOutput":0,
      "isUserDefined":0,
      "m_name":"epoch_time_nsec",
      "name":"98902FE0-DE28-4AB6-9070-6280F1819F40/3733116D-B179-4050-A75E-5EDAAD25DC45",
      "memento":
      [
        {
          "item":
          {
            "key":"aliasType",
            "value":"OpInput"
          }
        },
        {
          "item":
          {
            "key":"direction",
            "value":"in"
          }
        },
        {
          "item":
          {
            "key":"id",
            "value":"SM_Master/epoch_time_nsec/In1/Value"
          }
        },
        {
          "item":
          {
            "key":"label",
            "value":"Value"
          }
        },
        {
          "item":
          {
            "key":"numPoints",
            "value":"1"
          }
        },
        {
          "item":
          {
            "key":"path",
            "value":"Basic_cosimulation_circuit/SM_Master/epoch_time_nsec/In1/Value"
          }
        },
        {
          "item":
          {
            "key":"refid",
            "value":"864973707238441049"
          }
        },
        {
          "item":
          {
            "key":"simulinkId",
            "value":"1:3669:145"
          }
        },
        {
          "item":
          {
            "key":"type",
            "value":"parameter"
          }
        },
        {
          "item":
          {
            "key":"uiName",
            "value":"SM_Master/epoch_time_nsec/In1/Value"
          }
        }
      ],
      "parent":"98902FE0-DE28-4AB6-9070-6280F1819F40"
    },
    "Opal::Alias":
    {
      "connected":0,
      "isOpInput":1,
      "isOpOutput":0,
      "isUserDefined":0,
      "m_name":"ptp_sync_state",
      "name":"98902FE0-DE28-4AB6-9070-6280F1819F40/C2446FA1-4DA9-4D26-8560-E007DA0421BA",
      "memento":
      [
        {
          "item":
          {
            "key":"aliasType",
            "value":"OpInput"
          }
        },
        {
          "item":
          {
            "key":"direction",
            "value":"in"
          }
        },
        {
          "item":
          {
            "key":"id",
            "value":"SM_Master/ptp_sync_state/In1/Value"
          }
        },
        {
          "item":
          {
            "key":"label",
            "value":"Value"
          }
        },
        {
          "item":
          {
            "key":"numPoints",
            "value":"1"
          }
        },
        {
          "item":
          {
            "key":"path",
            "value":"Basic_cosimulation_circuit/SM_Master/ptp_sync_state/In1/Value"
          }
        },
        {
          "item":
          {
            "key":"refid",
            "value":"864973707238441050"
          }
        },
        {
          "item":
          {
            "key":"simulinkId",
            "value":"1:3672:145"
          }
        },
        {
          "item":
          {
            "key":"type",
            "value":"parameter"
          }
        },
        {
          "item":
          {
            "key":"uiName",
            "value":"SM_Master/ptp_sync_state/In1/Value"
          }
        }
      ],
      "parent":"98902FE0-DE28-4AB6-9070-6280F1819F40"
    },
    "Opal::Alias":
    {
      "connected":0,
      "isOpInput":1,
      "isOpOutput":0,
      "isUserDefined":0,
      "m_name":"ptp_slave_offset",
      "name":"98902FE0-DE28-4AB6-9070-6280F1819F40/32FD0B7F-8B9E-4919-A058-AB6CEB591051",
      "memento":
      [
        {
          "item":
          {
            "key":"aliasType",
            "value":"OpInput"
          }
        },
        {
          "item":
          {
            "key":"direction",
            "value":"in"
          }
        },
        {
          "item":
          {
            "key":"id",
            "value":"SM_Master/ptp_slave_offset/In1/Value"
          }
        },
        {
          "item":
          {
            "key":"label",
            "value":"Value"
          }
        },
        {
          "item":
          {
            "key":"numPoints",
            "value":"1"
          }
        },
        {
          "item":
          {
            "key":"path",
            "value":"Basic_cosimulation_circuit/SM_Master/ptp_slave_offset/In1/Value"
          }
        },
        {
          "item":
          {
            "key":"refid",
            "value":"864973707238441051"
          }
        },
        {
          "item":
          {
            "key":"simulinkId",
            "value":"1:3671:145"
          }
        },
        {
          "item":
          {
            "key":"type",
            "value":"parameter"
          }
        },
        {
          "item":
          {
            "key":"uiName",
            "value":"SM_Master/ptp_slave_offset/In1/Value"
          }
        }
      ],
      "parent":"98902FE0-DE28-4AB6-9070-6280F1819F40"
    },
    "Opal::Alias":
    {
      "connected":0,
      "isOpInput":1,
      "isOpOutput":0,
      "isUserDefined":0,
      "m_name":"sync_accuracy",
      "name":"98902FE0-DE28-4AB6-9070-6280F1819F40/536C9B4A-AF98-46B2-8E78-AA1691837244",
      "memento":
      [
        {
          "item":
          {
            "key":"aliasType",
            "value":"OpInput"
          }
        },
        {
          "item":
          {
            "key":"direction",
            "value":"in"
          }
        },
        {
          "item":
          {
            "key":"id",
            "value":"SM_Master/sync_accuracy/In1/Value"
          }
        },
        {
          "item":
          {
            "key":"label",
            "value":"Value"
          }
        },
        {
          "item":
          {
            "key":"numPoints",
            "value":"1"
          }
        },
        {
          "item":
          {
            "key":"path",
            "value":"Basic_cosimulation_circuit/SM_Master/sync_accuracy/In1/Value"
          }
        },
        {
          "item":
          {
            "key":"refid",
            "value":"864973707238441052"
          }
        },
        {
          "item":
          {
            "key":"simulinkId",
            "value":"1:3673:145"
          }
        },
        {
          "item":
          {
            "key":"type",
            "value":"parameter"
          }
        },
        {
          "item":
          {
            "key":"uiName",
            "value":"SM_Master/sync_accuracy/In1/Value"
          }
        }
      ],
      "parent":"98902FE0-DE28-4AB6-9070-6280F1819F40"
    },
    "Opal::Simulation::Node":
    {
      "name":"E9EC68A1-944A-478D-8710-0179261673C1",
      "metadata":
      [
        {
          "item":
          {
            "key":"file",
            "value":"C:/Users/Antero/OPAL-RT/RT-LABv2022.1_Workspace/Co-simulation_circuit_AsyncIP_eth2_Sim01/models/Basic_cosimulation_circuit/Basic_cosimulation_circuit.slx"
          }
        },
        {
          "item":
          {
            "key":"path",
            "value":"/resources/root/sync_exchanger_manager/translator"
          }
        },
        {
          "item":
          {
            "key":"subsysProxy",
            "value":"resources/root/proxy/288512954935017472"
          }
        },
        {
          "item":
          {
            "key":"subsystem",
            "value":"SM_Master"
          }
        },
        {
          "item":
          {
            "key":"type",
            "value":"model"
          }
        }
      ],
      "parent":"/"
    }
  }
]